id;line_1;line_2;line_3;zipcode;state;country
1;models CFP Franc Human;Quality;Frozen hacking Home Loan Account;30332;index navigating Solutions;South Africa
2;withdrawal;Architect South Dakota JSON;supply-chains Corporate;33863;convergence;Ireland
3;Buckinghamshire;methodical;Producer;21309;Kids;Saint Helena
4;Developer;Awesome Wooden Table;invoice;39373;Berkshire invoice China;Macedonia
5;North Dakota solution Incredible;Applications circuit hacking;interactive;88780;grow override Personal Loan Account;Oman
6;Toys Home Quality-focused;synthesizing;National National Avon;59756;Auto Loan Account program Shoes;Serbia
7;HTTP Shirt Gardens;alarm Quality-focused Neck;quantifying;40467;bus;Saint Helena
8;National;calculating Awesome Fresh Chips invoice;quantify blue motivating;83071;parse relationships;Luxembourg
9;Awesome clicks-and-mortar;Identity input payment;calculating Cheese payment;27124;Tasty Garden Identity;Honduras
10;Architect;Gloves Metal Rubber;Orchestrator Personal Loan Account fuchsia;68844;Advanced;Rwanda
