id;first_name;middle_name;last_name;email;phone
1;Chelsey;generating Generic heuristic;Schmidt;Dalton_Dickinson@hotmail.com;(291) 128-3373 x268
2;Afton;functionalities;Willms;Judd_Wyman54@gmail.com;760.858.4512
3;Delmer;users;Parker;Verner.Dickens78@hotmail.com;928-940-2683 x306
4;Nyasia;Awesome Steel Tuna;Kling;Madelynn81@hotmail.com;1-238-586-0772
5;Issac;Licensed;Boyer;Laron70@gmail.com;697-726-7641
6;Alfred;Directives;Schaden;Litzy_Smith@yahoo.com;168-458-5574
7;Bernita;Auto Loan Account revolutionary Concrete;Funk;Nova.Boehm53@hotmail.com;545.151.8271
8;Nathaniel;deposit Future;Hilll;Rey.Morar@hotmail.com;(699) 413-9158
9;D'angelo;Cotton;Johnston;Emery40@hotmail.com;1-604-948-8295 x41268
10;Althea;gold Equatorial Guinea;Koch;Rosemarie_Gerlach33@gmail.com;1-012-710-6729
